hub,date,agent_id,agent_type,best_bid,best_ask,mid,spread,n_fills,transacted_volume,avg_tx_price
TTF,2026-01-20,1,NoiseAgent,360610.0,360687.0,360648.0,77.0,0,0.0,
TTF,2026-01-20,2,NoiseAgent,,,,,0,0.0,
TTF,2026-01-20,3,NoiseAgent,,,,,0,0.0,
TTF,2026-01-20,4,NoiseAgent,,,,,0,0.0,
TTF,2026-01-20,5,NoiseAgent,,,,,0,0.0,
TTF,2026-01-20,6,NoiseAgent,,,,,0,0.0,
TTF,2026-01-20,7,NoiseAgent,,,,,0,0.0,
TTF,2026-01-20,8,NoiseAgent,364754.0,364827.0,364790.0,73.0,0,0.0,
TTF,2026-01-20,9,NoiseAgent,,,,,0,0.0,
TTF,2026-01-20,10,NoiseAgent,,,,,0,0.0,
TTF,2026-01-20,11,NoiseAgent,,,,,0,0.0,
TTF,2026-01-20,12,NoiseAgent,,,,,0,0.0,
TTF,2026-01-20,13,NoiseAgent,,,,,0,0.0,
TTF,2026-01-20,14,NoiseAgent,,,,,0,0.0,
TTF,2026-01-20,15,NoiseAgent,,,,,0,0.0,
TTF,2026-01-20,16,NoiseAgent,,,,,0,0.0,
TTF,2026-01-20,17,NoiseAgent,,,,,0,0.0,
TTF,2026-01-20,18,NoiseAgent,363406.0,,,,0,0.0,
TTF,2026-01-20,19,NoiseAgent,,,,,0,0.0,
TTF,2026-01-20,20,NoiseAgent,,,,,0,0.0,
TTF,2026-01-20,21,NoiseAgent,,,,,0,0.0,
TTF,2026-01-20,22,NoiseAgent,,,,,0,0.0,
TTF,2026-01-20,23,NoiseAgent,359353.0,359364.0,359358.0,11.0,0,0.0,
TTF,2026-01-20,24,NoiseAgent,,,,,0,0.0,
TTF,2026-01-20,25,NoiseAgent,,,,,0,0.0,
TTF,2026-01-20,26,NoiseAgent,,,,,0,0.0,
TTF,2026-01-20,27,NoiseAgent,,,,,0,0.0,
TTF,2026-01-20,28,NoiseAgent,,,,,0,0.0,
TTF,2026-01-20,29,NoiseAgent,,,,,0,0.0,
TTF,2026-01-20,30,NoiseAgent,,,,,0,0.0,
TTF,2026-01-20,31,NoiseAgent,,,,,0,0.0,
TTF,2026-01-20,32,NoiseAgent,,,,,0,0.0,
TTF,2026-01-20,33,NoiseAgent,,,,,0,0.0,
TTF,2026-01-20,34,NoiseAgent,,,,,0,0.0,
TTF,2026-01-20,35,NoiseAgent,,,,,0,0.0,
TTF,2026-01-20,36,NoiseAgent,,,,,0,0.0,
TTF,2026-01-20,37,NoiseAgent,,,,,0,0.0,
TTF,2026-01-20,38,NoiseAgent,,,,,0,0.0,
TTF,2026-01-20,39,NoiseAgent,,,,,0,0.0,
TTF,2026-01-20,40,NoiseAgent,363778.0,363801.0,363790.0,23.0,0,0.0,
TTF,2026-01-20,41,NoiseAgent,,,,,0,0.0,
TTF,2026-01-20,42,NoiseAgent,,,,,0,0.0,
TTF,2026-01-20,43,NoiseAgent,,,,,0,0.0,
TTF,2026-01-20,44,NoiseAgent,,,,,0,0.0,
TTF,2026-01-20,45,NoiseAgent,359075.0,359088.0,359082.0,13.0,0,0.0,
TTF,2026-01-20,46,NoiseAgent,359052.0,359059.0,359056.0,7.0,0,0.0,
TTF,2026-01-20,47,NoiseAgent,,,,,0,0.0,
TTF,2026-01-20,48,NoiseAgent,,,,,0,0.0,
TTF,2026-01-20,49,NoiseAgent,,,,,0,0.0,
TTF,2026-01-20,50,NoiseAgent,359314.0,359315.0,359314.0,1.0,0,0.0,
TTF,2026-01-20,51,NoiseAgent,,,,,0,0.0,
TTF,2026-01-20,52,NoiseAgent,,,,,0,0.0,
TTF,2026-01-20,53,NoiseAgent,,,,,0,0.0,
TTF,2026-01-20,54,NoiseAgent,,,,,0,0.0,
TTF,2026-01-20,55,NoiseAgent,,,,,0,0.0,
TTF,2026-01-20,56,NoiseAgent,,,,,0,0.0,
TTF,2026-01-20,57,NoiseAgent,,,,,0,0.0,
TTF,2026-01-20,58,NoiseAgent,364376.0,,,,0,0.0,
TTF,2026-01-20,59,NoiseAgent,,,,,0,0.0,
TTF,2026-01-20,60,NoiseAgent,,,,,0,0.0,
TTF,2026-01-20,61,NoiseAgent,,,,,0,0.0,
TTF,2026-01-20,62,NoiseAgent,,,,,0,0.0,
TTF,2026-01-20,63,NoiseAgent,,,,,0,0.0,
TTF,2026-01-20,64,NoiseAgent,358918.0,358919.0,358918.0,1.0,0,0.0,
TTF,2026-01-20,65,NoiseAgent,362575.0,362659.0,362617.0,84.0,0,0.0,
TTF,2026-01-20,66,NoiseAgent,,,,,0,0.0,
TTF,2026-01-20,67,NoiseAgent,,,,,0,0.0,
TTF,2026-01-20,68,NoiseAgent,362570.0,362575.0,362572.0,5.0,0,0.0,
TTF,2026-01-20,69,NoiseAgent,,,,,0,0.0,
TTF,2026-01-20,70,NoiseAgent,359260.0,359269.0,359264.0,9.0,0,0.0,
TTF,2026-01-20,71,NoiseAgent,,,,,0,0.0,
TTF,2026-01-20,72,NoiseAgent,,,,,0,0.0,
TTF,2026-01-20,73,NoiseAgent,359699.0,359700.0,359700.0,1.0,0,0.0,
TTF,2026-01-20,74,NoiseAgent,,,,,0,0.0,
TTF,2026-01-20,75,NoiseAgent,,,,,0,0.0,
TTF,2026-01-20,76,NoiseAgent,,,,,0,0.0,
TTF,2026-01-20,77,NoiseAgent,,,,,0,0.0,
TTF,2026-01-20,78,NoiseAgent,359308.0,359315.0,359312.0,7.0,0,0.0,
TTF,2026-01-20,79,NoiseAgent,,,,,0,0.0,
TTF,2026-01-20,80,NoiseAgent,,,,,0,0.0,
TTF,2026-01-20,81,NoiseAgent,358852.0,358918.0,358885.0,66.0,0,0.0,
TTF,2026-01-20,82,NoiseAgent,359733.0,359734.0,359734.0,1.0,0,0.0,
TTF,2026-01-20,83,NoiseAgent,,,,,0,0.0,
TTF,2026-01-20,84,NoiseAgent,,,,,0,0.0,
TTF,2026-01-20,85,NoiseAgent,,,,,0,0.0,
TTF,2026-01-20,86,NoiseAgent,,,,,0,0.0,
TTF,2026-01-20,87,NoiseAgent,,,,,0,0.0,
TTF,2026-01-20,88,NoiseAgent,,,,,0,0.0,
TTF,2026-01-20,89,NoiseAgent,,,,,0,0.0,
TTF,2026-01-20,90,NoiseAgent,,,,,0,0.0,
TTF,2026-01-20,91,NoiseAgent,358520.0,358522.0,358521.0,2.0,0,0.0,
TTF,2026-01-20,92,NoiseAgent,,,,,0,0.0,
TTF,2026-01-20,93,NoiseAgent,,,,,0,0.0,
TTF,2026-01-20,94,NoiseAgent,,,,,0,0.0,
TTF,2026-01-20,95,NoiseAgent,,,,,0,0.0,
TTF,2026-01-20,96,NoiseAgent,,,,,0,0.0,
TTF,2026-01-20,97,NoiseAgent,,,,,0,0.0,
TTF,2026-01-20,98,NoiseAgent,,,,,0,0.0,
TTF,2026-01-20,99,NoiseAgent,,,,,0,0.0,
TTF,2026-01-20,100,NoiseAgent,,,,,0,0.0,
TTF,2026-01-20,101,NoiseAgent,359315.0,359326.0,359320.0,11.0,0,0.0,
TTF,2026-01-20,102,NoiseAgent,,,,,0,0.0,
TTF,2026-01-20,103,NoiseAgent,,,,,0,0.0,
TTF,2026-01-20,104,NoiseAgent,,,,,0,0.0,
TTF,2026-01-20,105,NoiseAgent,,,,,0,0.0,
TTF,2026-01-20,106,NoiseAgent,,,,,0,0.0,
TTF,2026-01-20,107,NoiseAgent,,,,,0,0.0,
TTF,2026-01-20,108,NoiseAgent,363907.0,363908.0,363908.0,1.0,0,0.0,
TTF,2026-01-20,109,NoiseAgent,,,,,0,0.0,
TTF,2026-01-20,110,NoiseAgent,,,,,0,0.0,
TTF,2026-01-20,111,NoiseAgent,,,,,0,0.0,
TTF,2026-01-20,112,NoiseAgent,,,,,0,0.0,
TTF,2026-01-20,113,NoiseAgent,,,,,0,0.0,
TTF,2026-01-20,114,NoiseAgent,,,,,0,0.0,
TTF,2026-01-20,115,NoiseAgent,,,,,0,0.0,
TTF,2026-01-20,116,NoiseAgent,,,,,0,0.0,
TTF,2026-01-20,117,NoiseAgent,,,,,0,0.0,
TTF,2026-01-20,118,NoiseAgent,,,,,0,0.0,
TTF,2026-01-20,119,NoiseAgent,,,,,0,0.0,
TTF,2026-01-20,120,NoiseAgent,,,,,0,0.0,
TTF,2026-01-20,121,NoiseAgent,358428.0,358429.0,358428.0,1.0,0,0.0,
TTF,2026-01-20,122,NoiseAgent,,,,,0,0.0,
TTF,2026-01-20,123,NoiseAgent,,,,,0,0.0,
TTF,2026-01-20,124,NoiseAgent,,,,,0,0.0,
TTF,2026-01-20,125,NoiseAgent,,,,,0,0.0,
TTF,2026-01-20,126,NoiseAgent,,,,,0,0.0,
TTF,2026-01-20,127,NoiseAgent,,,,,0,0.0,
TTF,2026-01-20,128,NoiseAgent,,,,,0,0.0,
TTF,2026-01-20,129,NoiseAgent,,,,,0,0.0,
TTF,2026-01-20,130,NoiseAgent,,,,,0,0.0,
TTF,2026-01-20,131,NoiseAgent,,,,,0,0.0,
TTF,2026-01-20,132,NoiseAgent,,,,,0,0.0,
TTF,2026-01-20,133,NoiseAgent,,,,,0,0.0,
TTF,2026-01-20,134,NoiseAgent,,,,,0,0.0,
TTF,2026-01-20,135,NoiseAgent,,,,,0,0.0,
TTF,2026-01-20,136,NoiseAgent,,,,,0,0.0,
TTF,2026-01-20,137,NoiseAgent,,,,,0,0.0,
TTF,2026-01-20,138,NoiseAgent,,,,,0,0.0,
TTF,2026-01-20,139,NoiseAgent,,,,,0,0.0,
TTF,2026-01-20,140,NoiseAgent,359341.0,359485.0,359413.0,144.0,0,0.0,
TTF,2026-01-20,141,NoiseAgent,,,,,0,0.0,
TTF,2026-01-20,142,NoiseAgent,,,,,0,0.0,
TTF,2026-01-20,143,NoiseAgent,,,,,0,0.0,
TTF,2026-01-20,144,NoiseAgent,,,,,0,0.0,
TTF,2026-01-20,145,NoiseAgent,,,,,0,0.0,
TTF,2026-01-20,146,NoiseAgent,,,,,0,0.0,
TTF,2026-01-20,147,NoiseAgent,,,,,0,0.0,
TTF,2026-01-20,148,NoiseAgent,,,,,0,0.0,
TTF,2026-01-20,149,NoiseAgent,,,,,0,0.0,
TTF,2026-01-20,150,NoiseAgent,,,,,0,0.0,
TTF,2026-01-20,151,NoiseAgent,,,,,0,0.0,
TTF,2026-01-20,152,NoiseAgent,,,,,0,0.0,
TTF,2026-01-20,153,NoiseAgent,362574.0,362575.0,362574.0,1.0,0,0.0,
TTF,2026-01-20,154,NoiseAgent,,,,,0,0.0,
TTF,2026-01-20,155,NoiseAgent,,,,,0,0.0,
TTF,2026-01-20,156,NoiseAgent,,,,,0,0.0,
TTF,2026-01-20,157,NoiseAgent,358972.0,358987.0,358980.0,15.0,0,0.0,
TTF,2026-01-20,158,NoiseAgent,,,,,0,0.0,
TTF,2026-01-20,159,NoiseAgent,,,,,0,0.0,
TTF,2026-01-20,160,NoiseAgent,,,,,0,0.0,
TTF,2026-01-20,161,NoiseAgent,,,,,0,0.0,
TTF,2026-01-20,162,NoiseAgent,,,,,0,0.0,
TTF,2026-01-20,163,NoiseAgent,,,,,0,0.0,
TTF,2026-01-20,164,NoiseAgent,,,,,0,0.0,
TTF,2026-01-20,165,NoiseAgent,,,,,0,0.0,
TTF,2026-01-20,166,NoiseAgent,,,,,0,0.0,
TTF,2026-01-20,167,NoiseAgent,,,,,0,0.0,
TTF,2026-01-20,168,NoiseAgent,359109.0,359118.0,359114.0,9.0,0,0.0,
TTF,2026-01-20,169,NoiseAgent,359341.0,359363.0,359352.0,22.0,0,0.0,
TTF,2026-01-20,170,NoiseAgent,,,,,0,0.0,
TTF,2026-01-20,171,NoiseAgent,,,,,0,0.0,
TTF,2026-01-20,172,NoiseAgent,,,,,0,0.0,
TTF,2026-01-20,173,NoiseAgent,,,,,0,0.0,
TTF,2026-01-20,174,NoiseAgent,,,,,0,0.0,
TTF,2026-01-20,175,NoiseAgent,363059.0,,,,0,0.0,
TTF,2026-01-20,176,NoiseAgent,,,,,0,0.0,
TTF,2026-01-20,177,NoiseAgent,,,,,0,0.0,
TTF,2026-01-20,178,NoiseAgent,,,,,0,0.0,
TTF,2026-01-20,179,NoiseAgent,,,,,0,0.0,
TTF,2026-01-20,180,NoiseAgent,,,,,0,0.0,
TTF,2026-01-20,181,NoiseAgent,,,,,0,0.0,
TTF,2026-01-20,182,NoiseAgent,,,,,0,0.0,
TTF,2026-01-20,183,NoiseAgent,,,,,0,0.0,
TTF,2026-01-20,184,NoiseAgent,,,,,0,0.0,
TTF,2026-01-20,185,NoiseAgent,,,,,0,0.0,
TTF,2026-01-20,186,NoiseAgent,,,,,0,0.0,
TTF,2026-01-20,187,NoiseAgent,,,,,0,0.0,
TTF,2026-01-20,188,NoiseAgent,,,,,0,0.0,
TTF,2026-01-20,189,NoiseAgent,,,,,0,0.0,
TTF,2026-01-20,190,NoiseAgent,363910.0,363911.0,363910.0,1.0,0,0.0,
TTF,2026-01-20,191,NoiseAgent,,,,,0,0.0,
TTF,2026-01-20,192,NoiseAgent,,,,,0,0.0,
TTF,2026-01-20,193,NoiseAgent,,,,,0,0.0,
TTF,2026-01-20,194,NoiseAgent,,,,,0,0.0,
TTF,2026-01-20,195,NoiseAgent,,,,,0,0.0,
TTF,2026-01-20,196,NoiseAgent,,,,,0,0.0,
TTF,2026-01-20,197,NoiseAgent,,,,,0,0.0,
TTF,2026-01-20,198,NoiseAgent,,,,,0,0.0,
TTF,2026-01-20,199,NoiseAgent,,,,,0,0.0,
TTF,2026-01-20,200,NoiseAgent,,,,,0,0.0,
TTF,2026-01-20,201,NoiseAgent,,,,,0,0.0,
TTF,2026-01-20,202,NoiseAgent,,,,,0,0.0,
TTF,2026-01-20,203,NoiseAgent,,,,,0,0.0,
TTF,2026-01-20,204,NoiseAgent,,,,,0,0.0,
TTF,2026-01-20,205,NoiseAgent,,,,,0,0.0,
TTF,2026-01-20,206,NoiseAgent,,,,,0,0.0,
TTF,2026-01-20,207,NoiseAgent,,,,,0,0.0,
TTF,2026-01-20,208,NoiseAgent,,,,,0,0.0,
TTF,2026-01-20,209,NoiseAgent,,,,,0,0.0,
TTF,2026-01-20,210,NoiseAgent,,,,,0,0.0,
TTF,2026-01-20,211,NoiseAgent,,,,,0,0.0,
TTF,2026-01-20,212,NoiseAgent,,,,,0,0.0,
TTF,2026-01-20,213,NoiseAgent,,,,,0,0.0,
TTF,2026-01-20,214,NoiseAgent,,,,,0,0.0,
TTF,2026-01-20,215,NoiseAgent,358886.0,358944.0,358915.0,58.0,0,0.0,
TTF,2026-01-20,216,NoiseAgent,,,,,0,0.0,
TTF,2026-01-20,217,NoiseAgent,,,,,0,0.0,
TTF,2026-01-20,218,NoiseAgent,,,,,0,0.0,
TTF,2026-01-20,219,NoiseAgent,,,,,0,0.0,
TTF,2026-01-20,220,NoiseAgent,,,,,0,0.0,
TTF,2026-01-20,221,NoiseAgent,,,,,0,0.0,
TTF,2026-01-20,222,NoiseAgent,,,,,0,0.0,
TTF,2026-01-20,223,NoiseAgent,,,,,0,0.0,
TTF,2026-01-20,224,NoiseAgent,,,,,0,0.0,
TTF,2026-01-20,225,NoiseAgent,,,,,0,0.0,
TTF,2026-01-20,226,NoiseAgent,,,,,0,0.0,
TTF,2026-01-20,227,NoiseAgent,,,,,0,0.0,
TTF,2026-01-20,228,NoiseAgent,358936.0,358938.0,358937.0,2.0,0,0.0,
TTF,2026-01-20,229,NoiseAgent,363090.0,363096.0,363093.0,6.0,0,0.0,
TTF,2026-01-20,230,NoiseAgent,359614.0,359733.0,359674.0,119.0,0,0.0,
TTF,2026-01-20,231,NoiseAgent,,,,,0,0.0,
TTF,2026-01-20,232,NoiseAgent,,,,,0,0.0,
TTF,2026-01-20,233,NoiseAgent,,,,,0,0.0,
TTF,2026-01-20,234,NoiseAgent,,,,,0,0.0,
TTF,2026-01-20,235,NoiseAgent,362566.0,364754.0,363660.0,2188.0,0,0.0,
TTF,2026-01-20,236,NoiseAgent,,,,,0,0.0,
TTF,2026-01-20,237,NoiseAgent,,,,,0,0.0,
TTF,2026-01-20,238,NoiseAgent,,,,,0,0.0,
TTF,2026-01-20,239,NoiseAgent,,,,,0,0.0,
TTF,2026-01-20,240,NoiseAgent,,,,,0,0.0,
TTF,2026-01-20,241,NoiseAgent,,,,,0,0.0,
TTF,2026-01-20,242,NoiseAgent,,,,,0,0.0,
TTF,2026-01-20,243,NoiseAgent,,,,,0,0.0,
TTF,2026-01-20,244,NoiseAgent,,,,,0,0.0,
TTF,2026-01-20,245,NoiseAgent,,,,,0,0.0,
TTF,2026-01-20,246,NoiseAgent,,,,,0,0.0,
TTF,2026-01-20,247,NoiseAgent,,,,,0,0.0,
TTF,2026-01-20,248,NoiseAgent,,,,,0,0.0,
TTF,2026-01-20,249,NoiseAgent,,,,,0,0.0,
TTF,2026-01-20,250,NoiseAgent,,,,,0,0.0,
TTF,2026-01-20,251,NoiseAgent,,,,,0,0.0,
TTF,2026-01-20,252,NoiseAgent,,,,,0,0.0,
TTF,2026-01-20,253,NoiseAgent,,,,,0,0.0,
TTF,2026-01-20,254,NoiseAgent,,,,,0,0.0,
TTF,2026-01-20,255,NoiseAgent,,,,,0,0.0,
TTF,2026-01-20,256,NoiseAgent,,,,,0,0.0,
TTF,2026-01-20,257,NoiseAgent,,,,,0,0.0,
TTF,2026-01-20,258,NoiseAgent,,,,,0,0.0,
TTF,2026-01-20,259,NoiseAgent,,,,,0,0.0,
TTF,2026-01-20,260,NoiseAgent,,,,,0,0.0,
TTF,2026-01-20,261,NoiseAgent,,,,,0,0.0,
TTF,2026-01-20,262,NoiseAgent,,,,,0,0.0,
TTF,2026-01-20,263,NoiseAgent,,,,,0,0.0,
TTF,2026-01-20,264,NoiseAgent,,,,,0,0.0,
TTF,2026-01-20,265,NoiseAgent,359114.0,359117.0,359116.0,3.0,0,0.0,
TTF,2026-01-20,266,NoiseAgent,,,,,0,0.0,
TTF,2026-01-20,267,NoiseAgent,359971.0,359973.0,359972.0,2.0,0,0.0,
TTF,2026-01-20,268,NoiseAgent,,,,,0,0.0,
TTF,2026-01-20,269,NoiseAgent,,,,,0,0.0,
TTF,2026-01-20,270,NoiseAgent,,,,,0,0.0,
TTF,2026-01-20,271,NoiseAgent,,,,,0,0.0,
TTF,2026-01-20,272,NoiseAgent,,,,,0,0.0,
TTF,2026-01-20,273,NoiseAgent,,,,,0,0.0,
TTF,2026-01-20,274,NoiseAgent,,,,,0,0.0,
TTF,2026-01-20,275,NoiseAgent,,,,,0,0.0,
TTF,2026-01-20,276,NoiseAgent,,,,,0,0.0,
TTF,2026-01-20,277,NoiseAgent,358647.0,358654.0,358650.0,7.0,0,0.0,
TTF,2026-01-20,278,NoiseAgent,,,,,0,0.0,
TTF,2026-01-20,279,NoiseAgent,,,,,0,0.0,
TTF,2026-01-20,280,NoiseAgent,,,,,0,0.0,
TTF,2026-01-20,281,NoiseAgent,,,,,0,0.0,
TTF,2026-01-20,282,NoiseAgent,,,,,0,0.0,
TTF,2026-01-20,283,NoiseAgent,,,,,0,0.0,
TTF,2026-01-20,284,NoiseAgent,,,,,0,0.0,
TTF,2026-01-20,285,NoiseAgent,,,,,0,0.0,
TTF,2026-01-20,286,NoiseAgent,,,,,0,0.0,
TTF,2026-01-20,287,NoiseAgent,,,,,0,0.0,
TTF,2026-01-20,288,NoiseAgent,,,,,0,0.0,
TTF,2026-01-20,289,NoiseAgent,,,,,0,0.0,
TTF,2026-01-20,290,NoiseAgent,,,,,0,0.0,
TTF,2026-01-20,291,NoiseAgent,,,,,0,0.0,
TTF,2026-01-20,292,NoiseAgent,,,,,0,0.0,
TTF,2026-01-20,293,NoiseAgent,,,,,0,0.0,
TTF,2026-01-20,294,NoiseAgent,,,,,0,0.0,
TTF,2026-01-20,295,NoiseAgent,359903.0,359919.0,359911.0,16.0,0,0.0,
TTF,2026-01-20,296,NoiseAgent,,,,,0,0.0,
TTF,2026-01-20,297,NoiseAgent,,,,,0,0.0,
TTF,2026-01-20,298,NoiseAgent,,,,,0,0.0,
TTF,2026-01-20,299,NoiseAgent,,,,,0,0.0,
TTF,2026-01-20,300,NoiseAgent,,,,,0,0.0,
TTF,2026-01-20,301,NoiseAgent,,,,,0,0.0,
TTF,2026-01-20,302,NoiseAgent,,,,,0,0.0,
TTF,2026-01-20,303,NoiseAgent,362566.0,364754.0,363660.0,2188.0,0,0.0,
TTF,2026-01-20,304,NoiseAgent,,,,,0,0.0,
TTF,2026-01-20,305,NoiseAgent,,,,,0,0.0,
TTF,2026-01-20,306,NoiseAgent,,,,,0,0.0,
TTF,2026-01-20,307,NoiseAgent,,,,,0,0.0,
TTF,2026-01-20,308,NoiseAgent,,,,,0,0.0,
TTF,2026-01-20,309,NoiseAgent,,,,,0,0.0,
TTF,2026-01-20,310,NoiseAgent,,,,,0,0.0,
TTF,2026-01-20,311,NoiseAgent,,,,,0,0.0,
TTF,2026-01-20,312,NoiseAgent,,,,,0,0.0,
TTF,2026-01-20,313,NoiseAgent,362575.0,362659.0,362617.0,84.0,0,0.0,
TTF,2026-01-20,314,NoiseAgent,,,,,0,0.0,
TTF,2026-01-20,315,NoiseAgent,360209.0,360228.0,360218.0,19.0,0,0.0,
TTF,2026-01-20,316,NoiseAgent,,,,,0,0.0,
TTF,2026-01-20,317,NoiseAgent,,,,,0,0.0,
TTF,2026-01-20,318,NoiseAgent,,,,,0,0.0,
TTF,2026-01-20,319,NoiseAgent,365017.0,365170.0,365094.0,153.0,0,0.0,
TTF,2026-01-20,320,NoiseAgent,,,,,0,0.0,
TTF,2026-01-20,321,NoiseAgent,,,,,0,0.0,
TTF,2026-01-20,322,NoiseAgent,,,,,0,0.0,
TTF,2026-01-20,323,NoiseAgent,358924.0,358935.0,358930.0,11.0,0,0.0,
TTF,2026-01-20,324,NoiseAgent,,,,,0,0.0,
TTF,2026-01-20,325,NoiseAgent,,,,,0,0.0,
TTF,2026-01-20,326,NoiseAgent,,,,,0,0.0,
TTF,2026-01-20,327,NoiseAgent,,,,,0,0.0,
TTF,2026-01-20,328,NoiseAgent,,,,,0,0.0,
TTF,2026-01-20,329,NoiseAgent,,,,,0,0.0,
TTF,2026-01-20,330,NoiseAgent,,,,,0,0.0,
TTF,2026-01-20,331,NoiseAgent,,,,,0,0.0,
TTF,2026-01-20,332,NoiseAgent,,,,,0,0.0,
TTF,2026-01-20,333,NoiseAgent,359052.0,359059.0,359056.0,7.0,0,0.0,
TTF,2026-01-20,334,NoiseAgent,,,,,0,0.0,
TTF,2026-01-20,335,NoiseAgent,,,,,0,0.0,
TTF,2026-01-20,336,NoiseAgent,,,,,0,0.0,
TTF,2026-01-20,337,NoiseAgent,,,,,0,0.0,
TTF,2026-01-20,338,NoiseAgent,,,,,0,0.0,
TTF,2026-01-20,339,NoiseAgent,,,,,0,0.0,
TTF,2026-01-20,340,NoiseAgent,,,,,0,0.0,
TTF,2026-01-20,341,NoiseAgent,,,,,0,0.0,
TTF,2026-01-20,342,NoiseAgent,,,,,0,0.0,
TTF,2026-01-20,343,NoiseAgent,,,,,0,0.0,
TTF,2026-01-20,344,NoiseAgent,,,,,0,0.0,
TTF,2026-01-20,345,NoiseAgent,,,,,0,0.0,
TTF,2026-01-20,346,NoiseAgent,,,,,0,0.0,
TTF,2026-01-20,347,NoiseAgent,,,,,0,0.0,
TTF,2026-01-20,348,NoiseAgent,,,,,0,0.0,
TTF,2026-01-20,349,NoiseAgent,359259.0,359260.0,359260.0,1.0,0,0.0,
TTF,2026-01-20,350,NoiseAgent,,,,,0,0.0,
TTF,2026-01-20,351,NoiseAgent,359733.0,359741.0,359737.0,8.0,0,0.0,
TTF,2026-01-20,352,NoiseAgent,,,,,0,0.0,
TTF,2026-01-20,353,NoiseAgent,,,,,0,0.0,
TTF,2026-01-20,354,NoiseAgent,,,,,0,0.0,
TTF,2026-01-20,355,NoiseAgent,,,,,0,0.0,
TTF,2026-01-20,356,NoiseAgent,,,,,0,0.0,
TTF,2026-01-20,357,NoiseAgent,,,,,0,0.0,
TTF,2026-01-20,358,NoiseAgent,,,,,0,0.0,
TTF,2026-01-20,359,NoiseAgent,,,,,0,0.0,
TTF,2026-01-20,360,NoiseAgent,,,,,0,0.0,
TTF,2026-01-20,361,NoiseAgent,,,,,0,0.0,
TTF,2026-01-20,362,NoiseAgent,,,,,0,0.0,
TTF,2026-01-20,363,NoiseAgent,,,,,0,0.0,
TTF,2026-01-20,364,NoiseAgent,,,,,0,0.0,
TTF,2026-01-20,365,NoiseAgent,,,,,0,0.0,
TTF,2026-01-20,366,NoiseAgent,,,,,0,0.0,
TTF,2026-01-20,367,NoiseAgent,,,,,0,0.0,
TTF,2026-01-20,368,NoiseAgent,,,,,0,0.0,
TTF,2026-01-20,369,NoiseAgent,,,,,0,0.0,
TTF,2026-01-20,370,NoiseAgent,,,,,0,0.0,
TTF,2026-01-20,371,NoiseAgent,,,,,0,0.0,
TTF,2026-01-20,372,NoiseAgent,,,,,0,0.0,
TTF,2026-01-20,373,NoiseAgent,,,,,0,0.0,
TTF,2026-01-20,374,NoiseAgent,,,,,0,0.0,
TTF,2026-01-20,375,NoiseAgent,,,,,0,0.0,
TTF,2026-01-20,376,NoiseAgent,,,,,0,0.0,
TTF,2026-01-20,377,NoiseAgent,,,,,0,0.0,
TTF,2026-01-20,378,NoiseAgent,,,,,0,0.0,
TTF,2026-01-20,379,NoiseAgent,,,,,0,0.0,
TTF,2026-01-20,380,NoiseAgent,,,,,0,0.0,
TTF,2026-01-20,381,NoiseAgent,359364.0,359382.0,359373.0,18.0,0,0.0,
TTF,2026-01-20,382,NoiseAgent,,,,,0,0.0,
TTF,2026-01-20,383,NoiseAgent,,,,,0,0.0,
TTF,2026-01-20,384,NoiseAgent,,,,,0,0.0,
TTF,2026-01-20,385,NoiseAgent,,,,,0,0.0,
TTF,2026-01-20,386,NoiseAgent,,,,,0,0.0,
TTF,2026-01-20,387,NoiseAgent,,,,,0,0.0,
TTF,2026-01-20,388,NoiseAgent,,,,,0,0.0,
TTF,2026-01-20,389,NoiseAgent,,,,,0,0.0,
TTF,2026-01-20,390,NoiseAgent,,,,,0,0.0,
TTF,2026-01-20,391,NoiseAgent,,,,,0,0.0,
TTF,2026-01-20,392,NoiseAgent,,,,,0,0.0,
TTF,2026-01-20,393,NoiseAgent,,,,,0,0.0,
TTF,2026-01-20,394,NoiseAgent,,,,,0,0.0,
TTF,2026-01-20,395,NoiseAgent,,,,,0,0.0,
TTF,2026-01-20,396,NoiseAgent,,,,,0,0.0,
TTF,2026-01-20,397,NoiseAgent,,,,,0,0.0,
TTF,2026-01-20,398,NoiseAgent,,,,,0,0.0,
TTF,2026-01-20,399,NoiseAgent,,,,,0,0.0,
TTF,2026-01-20,400,NoiseAgent,,,,,0,0.0,
TTF,2026-01-20,401,NoiseAgent,,,,,0,0.0,
TTF,2026-01-20,402,NoiseAgent,,,,,0,0.0,
TTF,2026-01-20,403,NoiseAgent,,,,,0,0.0,
TTF,2026-01-20,404,NoiseAgent,,,,,0,0.0,
TTF,2026-01-20,405,NoiseAgent,,,,,0,0.0,
TTF,2026-01-20,406,NoiseAgent,,,,,0,0.0,
TTF,2026-01-20,407,NoiseAgent,359269.0,359319.0,359294.0,50.0,0,0.0,
TTF,2026-01-20,408,NoiseAgent,,,,,0,0.0,
TTF,2026-01-20,409,NoiseAgent,,,,,0,0.0,
TTF,2026-01-20,410,NoiseAgent,,,,,0,0.0,
TTF,2026-01-20,411,NoiseAgent,,,,,0,0.0,
TTF,2026-01-20,412,NoiseAgent,,,,,0,0.0,
TTF,2026-01-20,413,NoiseAgent,,,,,0,0.0,
TTF,2026-01-20,414,NoiseAgent,,,,,0,0.0,
TTF,2026-01-20,415,NoiseAgent,,,,,0,0.0,
TTF,2026-01-20,416,NoiseAgent,,,,,0,0.0,
TTF,2026-01-20,417,NoiseAgent,,,,,0,0.0,
TTF,2026-01-20,418,NoiseAgent,,,,,0,0.0,
TTF,2026-01-20,419,NoiseAgent,,,,,0,0.0,
TTF,2026-01-20,420,NoiseAgent,,,,,0,0.0,
TTF,2026-01-20,421,NoiseAgent,,,,,0,0.0,
TTF,2026-01-20,422,NoiseAgent,,,,,0,0.0,
TTF,2026-01-20,423,NoiseAgent,,,,,0,0.0,
TTF,2026-01-20,424,NoiseAgent,,,,,0,0.0,
TTF,2026-01-20,425,NoiseAgent,,,,,0,0.0,
TTF,2026-01-20,426,NoiseAgent,,,,,0,0.0,
TTF,2026-01-20,427,NoiseAgent,,,,,0,0.0,
TTF,2026-01-20,428,NoiseAgent,,,,,0,0.0,
TTF,2026-01-20,429,NoiseAgent,,,,,0,0.0,
TTF,2026-01-20,430,NoiseAgent,,,,,0,0.0,
TTF,2026-01-20,431,NoiseAgent,,,,,0,0.0,
TTF,2026-01-20,432,NoiseAgent,,,,,0,0.0,
TTF,2026-01-20,433,NoiseAgent,362237.0,362760.0,362498.0,523.0,0,0.0,
TTF,2026-01-20,434,NoiseAgent,,,,,0,0.0,
TTF,2026-01-20,435,NoiseAgent,,,,,0,0.0,
TTF,2026-01-20,436,NoiseAgent,,,,,0,0.0,
TTF,2026-01-20,437,NoiseAgent,358720.0,358786.0,358753.0,66.0,0,0.0,
TTF,2026-01-20,438,NoiseAgent,,,,,0,0.0,
TTF,2026-01-20,439,NoiseAgent,,,,,0,0.0,
TTF,2026-01-20,440,NoiseAgent,,,,,0,0.0,
TTF,2026-01-20,441,NoiseAgent,361065.0,361084.0,361074.0,19.0,0,0.0,
TTF,2026-01-20,442,NoiseAgent,359746.0,359777.0,359762.0,31.0,0,0.0,
TTF,2026-01-20,443,NoiseAgent,,,,,0,0.0,
TTF,2026-01-20,444,NoiseAgent,,,,,0,0.0,
TTF,2026-01-20,445,NoiseAgent,,,,,0,0.0,
TTF,2026-01-20,446,NoiseAgent,,,,,0,0.0,
TTF,2026-01-20,447,NoiseAgent,,,,,0,0.0,
TTF,2026-01-20,448,NoiseAgent,,,,,0,0.0,
TTF,2026-01-20,449,NoiseAgent,,,,,0,0.0,
TTF,2026-01-20,450,NoiseAgent,,,,,0,0.0,
TTF,2026-01-20,451,NoiseAgent,,,,,0,0.0,
TTF,2026-01-20,452,NoiseAgent,,,,,0,0.0,
TTF,2026-01-20,453,NoiseAgent,,,,,0,0.0,
TTF,2026-01-20,454,NoiseAgent,,,,,0,0.0,
TTF,2026-01-20,455,NoiseAgent,,,,,0,0.0,
TTF,2026-01-20,456,NoiseAgent,,,,,0,0.0,
TTF,2026-01-20,457,NoiseAgent,,,,,0,0.0,
TTF,2026-01-20,458,NoiseAgent,,,,,0,0.0,
TTF,2026-01-20,459,NoiseAgent,358654.0,358687.0,358670.0,33.0,0,0.0,
TTF,2026-01-20,460,NoiseAgent,,,,,0,0.0,
TTF,2026-01-20,461,NoiseAgent,,,,,0,0.0,
TTF,2026-01-20,462,NoiseAgent,,,,,0,0.0,
TTF,2026-01-20,463,NoiseAgent,,,,,0,0.0,
TTF,2026-01-20,464,NoiseAgent,,,,,0,0.0,
TTF,2026-01-20,465,NoiseAgent,,,,,0,0.0,
TTF,2026-01-20,466,NoiseAgent,,,,,0,0.0,
TTF,2026-01-20,467,NoiseAgent,358957.0,358963.0,358960.0,6.0,0,0.0,
TTF,2026-01-20,468,NoiseAgent,363126.0,363799.0,363462.0,673.0,0,0.0,
TTF,2026-01-20,469,NoiseAgent,,,,,0,0.0,
TTF,2026-01-20,470,NoiseAgent,,,,,0,0.0,
TTF,2026-01-20,471,NoiseAgent,,,,,0,0.0,
TTF,2026-01-20,472,NoiseAgent,,,,,0,0.0,
TTF,2026-01-20,473,NoiseAgent,,,,,0,0.0,
TTF,2026-01-20,474,NoiseAgent,358974.0,358990.0,358982.0,16.0,0,0.0,
TTF,2026-01-20,475,NoiseAgent,,,,,0,0.0,
TTF,2026-01-20,476,NoiseAgent,,,,,0,0.0,
TTF,2026-01-20,477,NoiseAgent,,,,,0,0.0,
TTF,2026-01-20,478,NoiseAgent,,,,,0,0.0,
TTF,2026-01-20,479,NoiseAgent,,,,,0,0.0,
TTF,2026-01-20,480,NoiseAgent,,,,,0,0.0,
TTF,2026-01-20,481,NoiseAgent,,,,,0,0.0,
TTF,2026-01-20,482,NoiseAgent,,,,,0,0.0,
TTF,2026-01-20,483,NoiseAgent,,,,,0,0.0,
TTF,2026-01-20,484,NoiseAgent,,,,,0,0.0,
TTF,2026-01-20,485,NoiseAgent,359971.0,360043.0,360007.0,72.0,0,0.0,
TTF,2026-01-20,486,NoiseAgent,,,,,0,0.0,
TTF,2026-01-20,487,NoiseAgent,,,,,0,0.0,
TTF,2026-01-20,488,NoiseAgent,,,,,0,0.0,
TTF,2026-01-20,489,NoiseAgent,,,,,0,0.0,
TTF,2026-01-20,490,NoiseAgent,,,,,0,0.0,
TTF,2026-01-20,491,NoiseAgent,358947.0,358957.0,358952.0,10.0,0,0.0,
TTF,2026-01-20,492,NoiseAgent,,,,,0,0.0,
TTF,2026-01-20,493,NoiseAgent,,,,,0,0.0,
TTF,2026-01-20,494,NoiseAgent,,,,,0,0.0,
TTF,2026-01-20,495,NoiseAgent,,,,,0,0.0,
TTF,2026-01-20,496,NoiseAgent,,,,,0,0.0,
TTF,2026-01-20,497,NoiseAgent,,,,,0,0.0,
TTF,2026-01-20,498,NoiseAgent,,,,,0,0.0,
TTF,2026-01-20,499,NoiseAgent,,,,,0,0.0,
TTF,2026-01-20,500,NoiseAgent,,,,,0,0.0,
TTF,2026-01-20,501,NoiseAgent,359903.0,359971.0,359937.0,68.0,0,0.0,
TTF,2026-01-20,502,NoiseAgent,,,,,0,0.0,
TTF,2026-01-20,503,NoiseAgent,,,,,0,0.0,
TTF,2026-01-20,504,NoiseAgent,,,,,0,0.0,
TTF,2026-01-20,505,NoiseAgent,,,,,0,0.0,
TTF,2026-01-20,506,NoiseAgent,,,,,0,0.0,
TTF,2026-01-20,507,NoiseAgent,,,,,0,0.0,
TTF,2026-01-20,508,NoiseAgent,,,,,0,0.0,
TTF,2026-01-20,509,NoiseAgent,,,,,0,0.0,
TTF,2026-01-20,510,NoiseAgent,,,,,0,0.0,
TTF,2026-01-20,511,NoiseAgent,,,,,0,0.0,
TTF,2026-01-20,512,NoiseAgent,,,,,0,0.0,
TTF,2026-01-20,513,NoiseAgent,,,,,0,0.0,
TTF,2026-01-20,514,NoiseAgent,,,,,0,0.0,
TTF,2026-01-20,515,NoiseAgent,,,,,0,0.0,
TTF,2026-01-20,516,NoiseAgent,,,,,0,0.0,
TTF,2026-01-20,517,NoiseAgent,363911.0,363914.0,363912.0,3.0,0,0.0,
TTF,2026-01-20,518,NoiseAgent,,,,,0,0.0,
TTF,2026-01-20,519,NoiseAgent,,,,,0,0.0,
TTF,2026-01-20,520,NoiseAgent,,,,,0,0.0,
TTF,2026-01-20,521,NoiseAgent,,,,,0,0.0,
TTF,2026-01-20,522,NoiseAgent,,,,,0,0.0,
TTF,2026-01-20,523,NoiseAgent,,,,,0,0.0,
TTF,2026-01-20,524,NoiseAgent,,,,,0,0.0,
TTF,2026-01-20,525,NoiseAgent,,,,,0,0.0,
TTF,2026-01-20,526,NoiseAgent,,,,,0,0.0,
TTF,2026-01-20,527,NoiseAgent,358526.0,358527.0,358526.0,1.0,0,0.0,
TTF,2026-01-20,528,NoiseAgent,,,,,0,0.0,
TTF,2026-01-20,529,NoiseAgent,,,,,0,0.0,
TTF,2026-01-20,530,NoiseAgent,,,,,0,0.0,
TTF,2026-01-20,531,NoiseAgent,,,,,0,0.0,
TTF,2026-01-20,532,NoiseAgent,,,,,0,0.0,
TTF,2026-01-20,533,NoiseAgent,,,,,0,0.0,
TTF,2026-01-20,534,NoiseAgent,,,,,0,0.0,
TTF,2026-01-20,535,NoiseAgent,,,,,0,0.0,
TTF,2026-01-20,536,NoiseAgent,359898.0,359903.0,359900.0,5.0,0,0.0,
TTF,2026-01-20,537,NoiseAgent,363864.0,363870.0,363867.0,6.0,0,0.0,
TTF,2026-01-20,538,NoiseAgent,,,,,0,0.0,
TTF,2026-01-20,539,NoiseAgent,,,,,0,0.0,
TTF,2026-01-20,540,NoiseAgent,,,,,0,0.0,
TTF,2026-01-20,541,NoiseAgent,358824.0,358865.0,358844.0,41.0,0,0.0,
TTF,2026-01-20,542,NoiseAgent,,,,,0,0.0,
TTF,2026-01-20,543,NoiseAgent,,,,,0,0.0,
TTF,2026-01-20,544,NoiseAgent,,,,,0,0.0,
TTF,2026-01-20,545,NoiseAgent,,,,,0,0.0,
TTF,2026-01-20,546,NoiseAgent,,,,,0,0.0,
TTF,2026-01-20,547,NoiseAgent,359059.0,359063.0,359061.0,4.0,0,0.0,
TTF,2026-01-20,548,NoiseAgent,,,,,0,0.0,
TTF,2026-01-20,549,NoiseAgent,363864.0,363870.0,363867.0,6.0,0,0.0,
TTF,2026-01-20,550,NoiseAgent,,,,,0,0.0,
TTF,2026-01-20,551,NoiseAgent,,,,,0,0.0,
TTF,2026-01-20,552,NoiseAgent,,,,,0,0.0,
TTF,2026-01-20,553,NoiseAgent,359340.0,359341.0,359340.0,1.0,0,0.0,
TTF,2026-01-20,554,NoiseAgent,,,,,0,0.0,
TTF,2026-01-20,555,NoiseAgent,,,,,0,0.0,
TTF,2026-01-20,556,NoiseAgent,,,,,0,0.0,
TTF,2026-01-20,557,NoiseAgent,364420.0,365170.0,364795.0,750.0,0,0.0,
TTF,2026-01-20,558,NoiseAgent,,,,,0,0.0,
TTF,2026-01-20,559,NoiseAgent,,,,,0,0.0,
TTF,2026-01-20,560,NoiseAgent,,,,,0,0.0,
TTF,2026-01-20,561,NoiseAgent,,,,,0,0.0,
TTF,2026-01-20,562,NoiseAgent,,,,,0,0.0,
TTF,2026-01-20,563,NoiseAgent,,,,,0,0.0,
TTF,2026-01-20,564,NoiseAgent,,,,,0,0.0,
TTF,2026-01-20,565,NoiseAgent,359161.0,359171.0,359166.0,10.0,0,0.0,
TTF,2026-01-20,566,NoiseAgent,,,,,0,0.0,
TTF,2026-01-20,567,NoiseAgent,,,,,0,0.0,
TTF,2026-01-20,568,NoiseAgent,,,,,0,0.0,
TTF,2026-01-20,569,NoiseAgent,,,,,0,0.0,
TTF,2026-01-20,570,NoiseAgent,,,,,0,0.0,
TTF,2026-01-20,571,NoiseAgent,,,,,0,0.0,
TTF,2026-01-20,572,NoiseAgent,,,,,0,0.0,
TTF,2026-01-20,573,NoiseAgent,,,,,0,0.0,
TTF,2026-01-20,574,NoiseAgent,,,,,0,0.0,
TTF,2026-01-20,575,NoiseAgent,,,,,0,0.0,
TTF,2026-01-20,576,NoiseAgent,,,,,0,0.0,
TTF,2026-01-20,577,NoiseAgent,,,,,0,0.0,
TTF,2026-01-20,578,NoiseAgent,,,,,0,0.0,
TTF,2026-01-20,579,NoiseAgent,,,,,0,0.0,
TTF,2026-01-20,580,NoiseAgent,,,,,0,0.0,
TTF,2026-01-20,581,NoiseAgent,,,,,0,0.0,
TTF,2026-01-20,582,NoiseAgent,,,,,0,0.0,
TTF,2026-01-20,583,NoiseAgent,,,,,0,0.0,
TTF,2026-01-20,584,NoiseAgent,359700.0,359702.0,359701.0,2.0,0,0.0,
TTF,2026-01-20,585,NoiseAgent,359170.0,359181.0,359176.0,11.0,0,0.0,
TTF,2026-01-20,586,NoiseAgent,,,,,0,0.0,
TTF,2026-01-20,587,NoiseAgent,,,,,0,0.0,
TTF,2026-01-20,588,NoiseAgent,,,,,0,0.0,
TTF,2026-01-20,589,NoiseAgent,,,,,0,0.0,
TTF,2026-01-20,590,NoiseAgent,,,,,0,0.0,
TTF,2026-01-20,591,NoiseAgent,,,,,0,0.0,
TTF,2026-01-20,592,NoiseAgent,,,,,0,0.0,
TTF,2026-01-20,593,NoiseAgent,,,,,0,0.0,
TTF,2026-01-20,594,NoiseAgent,,,,,0,0.0,
TTF,2026-01-20,595,NoiseAgent,359059.0,359063.0,359061.0,4.0,0,0.0,
TTF,2026-01-20,596,NoiseAgent,,,,,0,0.0,
TTF,2026-01-20,597,NoiseAgent,,,,,0,0.0,
TTF,2026-01-20,598,NoiseAgent,,,,,0,0.0,
TTF,2026-01-20,599,NoiseAgent,,,,,0,0.0,
TTF,2026-01-20,600,NoiseAgent,,,,,0,0.0,
TTF,2026-01-20,601,NoiseAgent,363778.0,363864.0,363821.0,86.0,0,0.0,
TTF,2026-01-20,602,NoiseAgent,,,,,0,0.0,
TTF,2026-01-20,603,NoiseAgent,,,,,0,0.0,
TTF,2026-01-20,604,NoiseAgent,,,,,0,0.0,
TTF,2026-01-20,605,NoiseAgent,,,,,0,0.0,
TTF,2026-01-20,606,NoiseAgent,,,,,0,0.0,
TTF,2026-01-20,607,NoiseAgent,,,,,0,0.0,
TTF,2026-01-20,608,NoiseAgent,,,,,0,0.0,
TTF,2026-01-20,609,NoiseAgent,,,,,0,0.0,
TTF,2026-01-20,610,NoiseAgent,,,,,0,0.0,
TTF,2026-01-20,611,NoiseAgent,,,,,0,0.0,
TTF,2026-01-20,612,NoiseAgent,363023.0,363907.0,363465.0,884.0,0,0.0,
TTF,2026-01-20,613,NoiseAgent,,,,,0,0.0,
TTF,2026-01-20,614,NoiseAgent,,,,,0,0.0,
TTF,2026-01-20,615,NoiseAgent,,,,,0,0.0,
TTF,2026-01-20,616,NoiseAgent,,,,,0,0.0,
TTF,2026-01-20,617,NoiseAgent,,,,,0,0.0,
TTF,2026-01-20,618,NoiseAgent,,,,,0,0.0,
TTF,2026-01-20,619,NoiseAgent,,,,,0,0.0,
TTF,2026-01-20,620,NoiseAgent,,,,,0,0.0,
TTF,2026-01-20,621,NoiseAgent,,,,,0,0.0,
TTF,2026-01-20,622,NoiseAgent,,,,,0,0.0,
TTF,2026-01-20,623,NoiseAgent,,,,,0,0.0,
TTF,2026-01-20,624,NoiseAgent,,,,,0,0.0,
TTF,2026-01-20,625,NoiseAgent,,,,,0,0.0,
TTF,2026-01-20,626,NoiseAgent,,,,,0,0.0,
TTF,2026-01-20,627,NoiseAgent,,,,,0,0.0,
TTF,2026-01-20,628,NoiseAgent,359259.0,359260.0,359260.0,1.0,0,0.0,
TTF,2026-01-20,629,NoiseAgent,,,,,0,0.0,
TTF,2026-01-20,630,NoiseAgent,,,,,0,0.0,
TTF,2026-01-20,631,NoiseAgent,,,,,0,0.0,
TTF,2026-01-20,632,NoiseAgent,,,,,0,0.0,
TTF,2026-01-20,633,NoiseAgent,,,,,0,0.0,
TTF,2026-01-20,634,NoiseAgent,359106.0,359260.0,359183.0,154.0,0,0.0,
TTF,2026-01-20,635,NoiseAgent,,,,,0,0.0,
TTF,2026-01-20,636,NoiseAgent,,,,,0,0.0,
TTF,2026-01-20,637,NoiseAgent,363907.0,363911.0,363909.0,4.0,0,0.0,
TTF,2026-01-20,638,NoiseAgent,,,,,0,0.0,
TTF,2026-01-20,639,NoiseAgent,,,,,0,0.0,
TTF,2026-01-20,640,NoiseAgent,,,,,0,0.0,
TTF,2026-01-20,641,NoiseAgent,,,,,0,0.0,
TTF,2026-01-20,642,NoiseAgent,,,,,0,0.0,
TTF,2026-01-20,643,NoiseAgent,,,,,0,0.0,
TTF,2026-01-20,644,NoiseAgent,,,,,0,0.0,
TTF,2026-01-20,645,NoiseAgent,,,,,0,0.0,
TTF,2026-01-20,646,NoiseAgent,,,,,0,0.0,
TTF,2026-01-20,647,NoiseAgent,,,,,0,0.0,
TTF,2026-01-20,648,NoiseAgent,,,,,0,0.0,
TTF,2026-01-20,649,NoiseAgent,,,,,0,0.0,
TTF,2026-01-20,650,NoiseAgent,360209.0,360227.0,360218.0,18.0,0,0.0,
TTF,2026-01-20,651,NoiseAgent,362575.0,362659.0,362617.0,84.0,0,0.0,
TTF,2026-01-20,652,NoiseAgent,,,,,0,0.0,
TTF,2026-01-20,653,NoiseAgent,,,,,0,0.0,
TTF,2026-01-20,654,NoiseAgent,,,,,0,0.0,
TTF,2026-01-20,655,NoiseAgent,359304.0,359305.0,359304.0,1.0,0,0.0,
TTF,2026-01-20,656,NoiseAgent,,,,,0,0.0,
TTF,2026-01-20,657,NoiseAgent,358526.0,358588.0,358557.0,62.0,0,0.0,
TTF,2026-01-20,658,NoiseAgent,,,,,0,0.0,
TTF,2026-01-20,659,NoiseAgent,,,,,0,0.0,
TTF,2026-01-20,660,NoiseAgent,360090.0,360209.0,360150.0,119.0,0,0.0,
TTF,2026-01-20,661,NoiseAgent,,,,,0,0.0,
TTF,2026-01-20,662,NoiseAgent,,,,,0,0.0,
TTF,2026-01-20,663,NoiseAgent,363914.0,363918.0,363916.0,4.0,0,0.0,
TTF,2026-01-20,664,NoiseAgent,,,,,0,0.0,
TTF,2026-01-20,665,NoiseAgent,,,,,0,0.0,
TTF,2026-01-20,666,NoiseAgent,,,,,0,0.0,
TTF,2026-01-20,667,NoiseAgent,,,,,0,0.0,
TTF,2026-01-20,668,NoiseAgent,,,,,0,0.0,
TTF,2026-01-20,669,NoiseAgent,,,,,0,0.0,
TTF,2026-01-20,670,NoiseAgent,359259.0,359260.0,359260.0,1.0,0,0.0,
TTF,2026-01-20,671,NoiseAgent,,,,,0,0.0,
TTF,2026-01-20,672,NoiseAgent,,,,,0,0.0,
TTF,2026-01-20,673,NoiseAgent,,,,,0,0.0,
TTF,2026-01-20,674,NoiseAgent,,,,,0,0.0,
TTF,2026-01-20,675,NoiseAgent,,,,,0,0.0,
TTF,2026-01-20,676,NoiseAgent,,,,,0,0.0,
TTF,2026-01-20,677,NoiseAgent,,,,,0,0.0,
TTF,2026-01-20,678,NoiseAgent,358408.0,358429.0,358418.0,21.0,0,0.0,
TTF,2026-01-20,679,NoiseAgent,,,,,0,0.0,
TTF,2026-01-20,680,NoiseAgent,,,,,0,0.0,
TTF,2026-01-20,681,NoiseAgent,,,,,0,0.0,
TTF,2026-01-20,682,NoiseAgent,,,,,0,0.0,
TTF,2026-01-20,683,NoiseAgent,,,,,0,0.0,
TTF,2026-01-20,684,NoiseAgent,,,,,0,0.0,
TTF,2026-01-20,685,NoiseAgent,,,,,0,0.0,
TTF,2026-01-20,686,NoiseAgent,,,,,0,0.0,
TTF,2026-01-20,687,NoiseAgent,359260.0,359262.0,359261.0,2.0,0,0.0,
TTF,2026-01-20,688,NoiseAgent,,,,,0,0.0,
TTF,2026-01-20,689,NoiseAgent,,,,,0,0.0,
TTF,2026-01-20,690,NoiseAgent,,,,,0,0.0,
TTF,2026-01-20,691,NoiseAgent,,,,,0,0.0,
TTF,2026-01-20,692,NoiseAgent,,,,,0,0.0,
TTF,2026-01-20,693,NoiseAgent,,,,,0,0.0,
TTF,2026-01-20,694,NoiseAgent,,,,,0,0.0,
TTF,2026-01-20,695,NoiseAgent,359170.0,359172.0,359171.0,2.0,0,0.0,
TTF,2026-01-20,696,NoiseAgent,,,,,0,0.0,
TTF,2026-01-20,697,NoiseAgent,,,,,0,0.0,
TTF,2026-01-20,698,NoiseAgent,,,,,0,0.0,
TTF,2026-01-20,699,NoiseAgent,,,,,0,0.0,
TTF,2026-01-20,700,NoiseAgent,,,,,0,0.0,
TTF,2026-01-20,701,NoiseAgent,,,,,0,0.0,
TTF,2026-01-20,702,NoiseAgent,363799.0,363910.0,363854.0,111.0,0,0.0,
TTF,2026-01-20,703,NoiseAgent,,,,,0,0.0,
TTF,2026-01-20,704,NoiseAgent,363911.0,363914.0,363912.0,3.0,0,0.0,
TTF,2026-01-20,705,NoiseAgent,,,,,0,0.0,
TTF,2026-01-20,706,NoiseAgent,,,,,0,0.0,
TTF,2026-01-20,707,NoiseAgent,,,,,0,0.0,
TTF,2026-01-20,708,NoiseAgent,,,,,0,0.0,
TTF,2026-01-20,709,NoiseAgent,,,,,0,0.0,
TTF,2026-01-20,710,NoiseAgent,,,,,0,0.0,
TTF,2026-01-20,711,NoiseAgent,,,,,0,0.0,
TTF,2026-01-20,712,NoiseAgent,,,,,0,0.0,
TTF,2026-01-20,713,NoiseAgent,,,,,0,0.0,
TTF,2026-01-20,714,NoiseAgent,,,,,0,0.0,
TTF,2026-01-20,715,NoiseAgent,,,,,0,0.0,
TTF,2026-01-20,716,NoiseAgent,,,,,0,0.0,
TTF,2026-01-20,717,NoiseAgent,,,,,0,0.0,
TTF,2026-01-20,718,NoiseAgent,,,,,0,0.0,
TTF,2026-01-20,719,NoiseAgent,,,,,0,0.0,
TTF,2026-01-20,720,NoiseAgent,,,,,0,0.0,
TTF,2026-01-20,721,NoiseAgent,,,,,0,0.0,
TTF,2026-01-20,722,NoiseAgent,,,,,0,0.0,
TTF,2026-01-20,723,NoiseAgent,,,,,0,0.0,
TTF,2026-01-20,724,NoiseAgent,,,,,0,0.0,
TTF,2026-01-20,725,NoiseAgent,,,,,0,0.0,
TTF,2026-01-20,726,NoiseAgent,358918.0,358919.0,358918.0,1.0,0,0.0,
TTF,2026-01-20,727,NoiseAgent,,,,,0,0.0,
TTF,2026-01-20,728,NoiseAgent,,,,,0,0.0,
TTF,2026-01-20,729,NoiseAgent,,,,,0,0.0,
TTF,2026-01-20,730,NoiseAgent,,,,,0,0.0,
TTF,2026-01-20,731,NoiseAgent,,,,,0,0.0,
TTF,2026-01-20,732,NoiseAgent,,,,,0,0.0,
TTF,2026-01-20,733,NoiseAgent,359105.0,359109.0,359107.0,4.0,0,0.0,
TTF,2026-01-20,734,NoiseAgent,,,,,0,0.0,
TTF,2026-01-20,735,NoiseAgent,,,,,0,0.0,
TTF,2026-01-20,736,NoiseAgent,,,,,0,0.0,
TTF,2026-01-20,737,NoiseAgent,,,,,0,0.0,
TTF,2026-01-20,738,NoiseAgent,,,,,0,0.0,
TTF,2026-01-20,739,NoiseAgent,,,,,0,0.0,
TTF,2026-01-20,740,NoiseAgent,,,,,0,0.0,
TTF,2026-01-20,741,NoiseAgent,,,,,0,0.0,
TTF,2026-01-20,742,NoiseAgent,,,,,0,0.0,
TTF,2026-01-20,743,NoiseAgent,,,,,0,0.0,
TTF,2026-01-20,744,NoiseAgent,,,,,0,0.0,
TTF,2026-01-20,745,NoiseAgent,,,,,0,0.0,
TTF,2026-01-20,746,NoiseAgent,,,,,0,0.0,
TTF,2026-01-20,747,NoiseAgent,,,,,0,0.0,
TTF,2026-01-20,748,NoiseAgent,359640.0,359686.0,359663.0,46.0,0,0.0,
TTF,2026-01-20,749,NoiseAgent,,,,,0,0.0,
TTF,2026-01-20,750,NoiseAgent,,,,,0,0.0,
TTF,2026-01-20,751,NoiseAgent,,,,,0,0.0,
TTF,2026-01-20,752,NoiseAgent,,,,,0,0.0,
TTF,2026-01-20,753,NoiseAgent,,,,,0,0.0,
TTF,2026-01-20,754,NoiseAgent,,,,,0,0.0,
TTF,2026-01-20,755,NoiseAgent,,,,,0,0.0,
TTF,2026-01-20,756,NoiseAgent,,,,,0,0.0,
TTF,2026-01-20,757,NoiseAgent,,,,,0,0.0,
TTF,2026-01-20,758,NoiseAgent,,,,,0,0.0,
TTF,2026-01-20,759,NoiseAgent,,,,,0,0.0,
TTF,2026-01-20,760,NoiseAgent,,,,,0,0.0,
TTF,2026-01-20,761,NoiseAgent,,,,,0,0.0,
TTF,2026-01-20,762,NoiseAgent,,,,,0,0.0,
TTF,2026-01-20,763,NoiseAgent,,,,,0,0.0,
TTF,2026-01-20,764,NoiseAgent,,,,,0,0.0,
TTF,2026-01-20,765,NoiseAgent,,,,,0,0.0,
TTF,2026-01-20,766,NoiseAgent,,,,,0,0.0,
TTF,2026-01-20,767,NoiseAgent,,,,,0,0.0,
TTF,2026-01-20,768,NoiseAgent,,,,,0,0.0,
TTF,2026-01-20,769,NoiseAgent,,,,,0,0.0,
TTF,2026-01-20,770,NoiseAgent,,,,,0,0.0,
TTF,2026-01-20,771,NoiseAgent,,,,,0,0.0,
TTF,2026-01-20,772,NoiseAgent,,,,,0,0.0,
TTF,2026-01-20,773,NoiseAgent,,,,,0,0.0,
TTF,2026-01-20,774,NoiseAgent,359485.0,359488.0,359486.0,3.0,0,0.0,
TTF,2026-01-20,775,NoiseAgent,,,,,0,0.0,
TTF,2026-01-20,776,NoiseAgent,360209.0,360214.0,360212.0,5.0,0,0.0,
TTF,2026-01-20,777,NoiseAgent,363929.0,,,,0,0.0,
TTF,2026-01-20,778,NoiseAgent,,,,,0,0.0,
TTF,2026-01-20,779,NoiseAgent,,,,,0,0.0,
TTF,2026-01-20,780,NoiseAgent,358944.0,358946.0,358945.0,2.0,0,0.0,
TTF,2026-01-20,781,NoiseAgent,,,,,0,0.0,
TTF,2026-01-20,782,NoiseAgent,,,,,0,0.0,
TTF,2026-01-20,783,NoiseAgent,,,,,0,0.0,
TTF,2026-01-20,784,NoiseAgent,,,,,0,0.0,
TTF,2026-01-20,785,NoiseAgent,358932.0,358936.0,358934.0,4.0,0,0.0,
TTF,2026-01-20,786,NoiseAgent,,,,,0,0.0,
TTF,2026-01-20,787,NoiseAgent,358906.0,358918.0,358912.0,12.0,0,0.0,
TTF,2026-01-20,788,NoiseAgent,,,,,0,0.0,
TTF,2026-01-20,789,NoiseAgent,359364.0,359371.0,359368.0,7.0,0,0.0,
TTF,2026-01-20,790,NoiseAgent,,,,,0,0.0,
TTF,2026-01-20,791,NoiseAgent,,,,,0,0.0,
TTF,2026-01-20,792,NoiseAgent,,,,,0,0.0,
TTF,2026-01-20,793,NoiseAgent,,,,,0,0.0,
TTF,2026-01-20,794,NoiseAgent,,,,,0,0.0,
TTF,2026-01-20,795,NoiseAgent,,,,,0,0.0,
TTF,2026-01-20,796,NoiseAgent,,,,,0,0.0,
TTF,2026-01-20,797,NoiseAgent,,,,,0,0.0,
TTF,2026-01-20,798,NoiseAgent,,,,,0,0.0,
TTF,2026-01-20,799,NoiseAgent,359260.0,359269.0,359264.0,9.0,0,0.0,
TTF,2026-01-20,800,NoiseAgent,363293.0,363799.0,363546.0,506.0,0,0.0,
TTF,2026-01-20,801,NoiseAgent,,,,,0,0.0,
TTF,2026-01-20,802,NoiseAgent,,,,,0,0.0,
TTF,2026-01-20,803,NoiseAgent,365417.0,,,,0,0.0,
TTF,2026-01-20,804,NoiseAgent,,,,,0,0.0,
TTF,2026-01-20,805,NoiseAgent,,,,,0,0.0,
TTF,2026-01-20,806,NoiseAgent,,,,,0,0.0,
TTF,2026-01-20,807,NoiseAgent,,,,,0,0.0,
TTF,2026-01-20,808,NoiseAgent,,,,,0,0.0,
TTF,2026-01-20,809,NoiseAgent,,,,,0,0.0,
TTF,2026-01-20,810,NoiseAgent,,,,,0,0.0,
TTF,2026-01-20,811,NoiseAgent,,,,,0,0.0,
TTF,2026-01-20,812,NoiseAgent,,,,,0,0.0,
TTF,2026-01-20,813,NoiseAgent,,,,,0,0.0,
TTF,2026-01-20,814,NoiseAgent,,,,,0,0.0,
TTF,2026-01-20,815,NoiseAgent,,,,,0,0.0,
TTF,2026-01-20,816,NoiseAgent,,,,,0,0.0,
TTF,2026-01-20,817,NoiseAgent,,,,,0,0.0,
TTF,2026-01-20,818,NoiseAgent,,,,,0,0.0,
TTF,2026-01-20,819,NoiseAgent,,,,,0,0.0,
TTF,2026-01-20,820,NoiseAgent,,,,,0,0.0,
TTF,2026-01-20,821,NoiseAgent,,,,,0,0.0,
TTF,2026-01-20,822,NoiseAgent,,,,,0,0.0,
TTF,2026-01-20,823,NoiseAgent,,,,,0,0.0,
TTF,2026-01-20,824,NoiseAgent,,,,,0,0.0,
TTF,2026-01-20,825,NoiseAgent,359059.0,359063.0,359061.0,4.0,0,0.0,
TTF,2026-01-20,826,NoiseAgent,,,,,0,0.0,
TTF,2026-01-20,827,NoiseAgent,,,,,0,0.0,
TTF,2026-01-20,828,NoiseAgent,,,,,0,0.0,
TTF,2026-01-20,829,NoiseAgent,359275.0,359341.0,359308.0,66.0,0,0.0,
TTF,2026-01-20,830,NoiseAgent,,,,,0,0.0,
TTF,2026-01-20,831,NoiseAgent,,,,,0,0.0,
TTF,2026-01-20,832,NoiseAgent,,,,,0,0.0,
TTF,2026-01-20,833,NoiseAgent,,,,,0,0.0,
TTF,2026-01-20,834,NoiseAgent,,,,,0,0.0,
TTF,2026-01-20,835,NoiseAgent,,,,,0,0.0,
TTF,2026-01-20,836,NoiseAgent,,,,,0,0.0,
TTF,2026-01-20,837,NoiseAgent,,,,,0,0.0,
TTF,2026-01-20,838,NoiseAgent,363383.0,364754.0,364068.0,1371.0,0,0.0,
TTF,2026-01-20,839,NoiseAgent,359217.0,359225.0,359221.0,8.0,0,0.0,
TTF,2026-01-20,840,NoiseAgent,,,,,0,0.0,
TTF,2026-01-20,841,NoiseAgent,,,,,0,0.0,
TTF,2026-01-20,842,NoiseAgent,,,,,0,0.0,
TTF,2026-01-20,843,NoiseAgent,,,,,0,0.0,
TTF,2026-01-20,844,NoiseAgent,358843.0,358852.0,358848.0,9.0,0,0.0,
TTF,2026-01-20,845,NoiseAgent,364825.0,364836.0,364830.0,11.0,0,0.0,
TTF,2026-01-20,846,NoiseAgent,359259.0,359260.0,359260.0,1.0,0,0.0,
TTF,2026-01-20,847,NoiseAgent,,,,,0,0.0,
TTF,2026-01-20,848,NoiseAgent,,,,,0,0.0,
TTF,2026-01-20,849,NoiseAgent,,,,,0,0.0,
TTF,2026-01-20,850,NoiseAgent,,,,,0,0.0,
TTF,2026-01-20,851,NoiseAgent,,,,,0,0.0,
TTF,2026-01-20,852,NoiseAgent,,,,,0,0.0,
TTF,2026-01-20,853,NoiseAgent,359117.0,359171.0,359144.0,54.0,0,0.0,
TTF,2026-01-20,854,NoiseAgent,358918.0,358919.0,358918.0,1.0,0,0.0,
TTF,2026-01-20,855,NoiseAgent,,,,,0,0.0,
TTF,2026-01-20,856,NoiseAgent,,,,,0,0.0,
TTF,2026-01-20,857,NoiseAgent,,,,,0,0.0,
TTF,2026-01-20,858,NoiseAgent,,,,,0,0.0,
TTF,2026-01-20,859,NoiseAgent,,,,,0,0.0,
TTF,2026-01-20,860,NoiseAgent,,,,,0,0.0,
TTF,2026-01-20,861,NoiseAgent,,,,,0,0.0,
TTF,2026-01-20,862,NoiseAgent,,,,,0,0.0,
TTF,2026-01-20,863,NoiseAgent,,,,,0,0.0,
TTF,2026-01-20,864,NoiseAgent,,,,,0,0.0,
TTF,2026-01-20,865,NoiseAgent,358977.0,358987.0,358982.0,10.0,0,0.0,
TTF,2026-01-20,866,NoiseAgent,359447.0,359453.0,359450.0,6.0,0,0.0,
TTF,2026-01-20,867,NoiseAgent,,,,,0,0.0,
TTF,2026-01-20,868,NoiseAgent,359259.0,359260.0,359260.0,1.0,0,0.0,
TTF,2026-01-20,869,NoiseAgent,359276.0,359315.0,359296.0,39.0,0,0.0,
TTF,2026-01-20,870,NoiseAgent,358918.0,358919.0,358918.0,1.0,0,0.0,
TTF,2026-01-20,871,NoiseAgent,,,,,0,0.0,
TTF,2026-01-20,872,NoiseAgent,,,,,0,0.0,
TTF,2026-01-20,873,NoiseAgent,,,,,0,0.0,
TTF,2026-01-20,874,NoiseAgent,,,,,0,0.0,
TTF,2026-01-20,875,NoiseAgent,,,,,0,0.0,
TTF,2026-01-20,876,NoiseAgent,,,,,0,0.0,
TTF,2026-01-20,877,NoiseAgent,,,,,0,0.0,
TTF,2026-01-20,878,NoiseAgent,,,,,0,0.0,
TTF,2026-01-20,879,NoiseAgent,,,,,0,0.0,
TTF,2026-01-20,880,NoiseAgent,,,,,0,0.0,
TTF,2026-01-20,881,NoiseAgent,,,,,0,0.0,
TTF,2026-01-20,882,NoiseAgent,,,,,0,0.0,
TTF,2026-01-20,883,NoiseAgent,,,,,0,0.0,
TTF,2026-01-20,884,NoiseAgent,,,,,0,0.0,
TTF,2026-01-20,885,NoiseAgent,,,,,0,0.0,
TTF,2026-01-20,886,NoiseAgent,,,,,0,0.0,
TTF,2026-01-20,887,NoiseAgent,,,,,0,0.0,
TTF,2026-01-20,888,NoiseAgent,,,,,0,0.0,
TTF,2026-01-20,889,NoiseAgent,,,,,0,0.0,
TTF,2026-01-20,890,NoiseAgent,,,,,0,0.0,
TTF,2026-01-20,891,NoiseAgent,,,,,0,0.0,
TTF,2026-01-20,892,NoiseAgent,358955.0,358957.0,358956.0,2.0,0,0.0,
TTF,2026-01-20,893,NoiseAgent,,,,,0,0.0,
TTF,2026-01-20,894,NoiseAgent,,,,,0,0.0,
TTF,2026-01-20,895,NoiseAgent,,,,,0,0.0,
TTF,2026-01-20,896,NoiseAgent,,,,,0,0.0,
TTF,2026-01-20,897,NoiseAgent,,,,,0,0.0,
TTF,2026-01-20,898,NoiseAgent,,,,,0,0.0,
TTF,2026-01-20,899,NoiseAgent,,,,,0,0.0,
TTF,2026-01-20,900,NoiseAgent,,,,,0,0.0,
TTF,2026-01-20,901,NoiseAgent,,,,,0,0.0,
TTF,2026-01-20,902,NoiseAgent,,,,,0,0.0,
TTF,2026-01-20,903,NoiseAgent,,,,,0,0.0,
TTF,2026-01-20,904,NoiseAgent,,,,,0,0.0,
TTF,2026-01-20,905,NoiseAgent,362612.0,362659.0,362636.0,47.0,0,0.0,
TTF,2026-01-20,906,NoiseAgent,,,,,0,0.0,
TTF,2026-01-20,907,NoiseAgent,,,,,0,0.0,
TTF,2026-01-20,908,NoiseAgent,,,,,0,0.0,
TTF,2026-01-20,909,NoiseAgent,,,,,0,0.0,
TTF,2026-01-20,910,NoiseAgent,,,,,0,0.0,
TTF,2026-01-20,911,NoiseAgent,358968.0,358990.0,358979.0,22.0,0,0.0,
TTF,2026-01-20,912,NoiseAgent,,,,,0,0.0,
TTF,2026-01-20,913,NoiseAgent,,,,,0,0.0,
TTF,2026-01-20,914,NoiseAgent,363929.0,,,,0,0.0,
TTF,2026-01-20,915,NoiseAgent,,,,,0,0.0,
TTF,2026-01-20,916,NoiseAgent,,,,,0,0.0,
TTF,2026-01-20,917,NoiseAgent,,,,,0,0.0,
TTF,2026-01-20,918,NoiseAgent,,,,,0,0.0,
TTF,2026-01-20,919,NoiseAgent,,,,,0,0.0,
TTF,2026-01-20,920,NoiseAgent,,,,,0,0.0,
TTF,2026-01-20,921,NoiseAgent,,,,,0,0.0,
TTF,2026-01-20,922,NoiseAgent,,,,,0,0.0,
TTF,2026-01-20,923,NoiseAgent,,,,,0,0.0,
TTF,2026-01-20,924,NoiseAgent,358918.0,358919.0,358918.0,1.0,0,0.0,
TTF,2026-01-20,925,NoiseAgent,,,,,0,0.0,
TTF,2026-01-20,926,NoiseAgent,359171.0,359172.0,359172.0,1.0,0,0.0,
TTF,2026-01-20,927,NoiseAgent,,,,,0,0.0,
TTF,2026-01-20,928,NoiseAgent,,,,,0,0.0,
TTF,2026-01-20,929,NoiseAgent,,,,,0,0.0,
TTF,2026-01-20,930,NoiseAgent,,,,,0,0.0,
TTF,2026-01-20,931,NoiseAgent,,,,,0,0.0,
TTF,2026-01-20,932,NoiseAgent,,,,,0,0.0,
TTF,2026-01-20,933,NoiseAgent,,,,,0,0.0,
TTF,2026-01-20,934,NoiseAgent,,,,,0,0.0,
TTF,2026-01-20,935,NoiseAgent,,,,,0,0.0,
TTF,2026-01-20,936,NoiseAgent,,,,,0,0.0,
TTF,2026-01-20,937,NoiseAgent,,,,,0,0.0,
TTF,2026-01-20,938,NoiseAgent,,,,,0,0.0,
TTF,2026-01-20,939,NoiseAgent,,,,,0,0.0,
TTF,2026-01-20,940,NoiseAgent,,,,,0,0.0,
TTF,2026-01-20,941,NoiseAgent,,,,,0,0.0,
TTF,2026-01-20,942,NoiseAgent,,,,,0,0.0,
TTF,2026-01-20,943,NoiseAgent,,,,,0,0.0,
TTF,2026-01-20,944,NoiseAgent,,,,,0,0.0,
TTF,2026-01-20,945,NoiseAgent,,,,,0,0.0,
TTF,2026-01-20,946,NoiseAgent,,,,,0,0.0,
TTF,2026-01-20,947,NoiseAgent,,,,,0,0.0,
TTF,2026-01-20,948,NoiseAgent,,,,,0,0.0,
TTF,2026-01-20,949,NoiseAgent,,,,,0,0.0,
TTF,2026-01-20,950,NoiseAgent,,,,,0,0.0,
TTF,2026-01-20,951,NoiseAgent,,,,,0,0.0,
TTF,2026-01-20,952,NoiseAgent,,,,,0,0.0,
TTF,2026-01-20,953,NoiseAgent,,,,,0,0.0,
TTF,2026-01-20,954,NoiseAgent,,,,,0,0.0,
TTF,2026-01-20,955,NoiseAgent,,,,,0,0.0,
TTF,2026-01-20,956,NoiseAgent,,,,,0,0.0,
TTF,2026-01-20,957,NoiseAgent,,,,,0,0.0,
TTF,2026-01-20,958,NoiseAgent,,,,,0,0.0,
TTF,2026-01-20,959,NoiseAgent,,,,,0,0.0,
TTF,2026-01-20,960,NoiseAgent,,,,,0,0.0,
TTF,2026-01-20,961,NoiseAgent,359117.0,359118.0,359118.0,1.0,0,0.0,
TTF,2026-01-20,962,NoiseAgent,363910.0,363911.0,363910.0,1.0,0,0.0,
TTF,2026-01-20,963,NoiseAgent,,,,,0,0.0,
TTF,2026-01-20,964,NoiseAgent,,,,,0,0.0,
TTF,2026-01-20,965,NoiseAgent,,,,,0,0.0,
TTF,2026-01-20,966,NoiseAgent,,,,,0,0.0,
TTF,2026-01-20,967,NoiseAgent,358886.0,358921.0,358904.0,35.0,0,0.0,
TTF,2026-01-20,968,NoiseAgent,,,,,0,0.0,
TTF,2026-01-20,969,NoiseAgent,,,,,0,0.0,
TTF,2026-01-20,970,NoiseAgent,,,,,0,0.0,
TTF,2026-01-20,971,NoiseAgent,,,,,0,0.0,
TTF,2026-01-20,972,NoiseAgent,,,,,0,0.0,
TTF,2026-01-20,973,NoiseAgent,,,,,0,0.0,
TTF,2026-01-20,974,NoiseAgent,,,,,0,0.0,
TTF,2026-01-20,975,NoiseAgent,,,,,0,0.0,
TTF,2026-01-20,976,NoiseAgent,,,,,0,0.0,
TTF,2026-01-20,977,NoiseAgent,,,,,0,0.0,
TTF,2026-01-20,978,NoiseAgent,358932.0,358935.0,358934.0,3.0,0,0.0,
TTF,2026-01-20,979,NoiseAgent,,,,,0,0.0,
TTF,2026-01-20,980,NoiseAgent,,,,,0,0.0,
TTF,2026-01-20,981,NoiseAgent,,,,,0,0.0,
TTF,2026-01-20,982,NoiseAgent,,,,,0,0.0,
TTF,2026-01-20,983,NoiseAgent,,,,,0,0.0,
TTF,2026-01-20,984,NoiseAgent,,,,,0,0.0,
TTF,2026-01-20,985,NoiseAgent,,,,,0,0.0,
TTF,2026-01-20,986,NoiseAgent,,,,,0,0.0,
TTF,2026-01-20,987,NoiseAgent,363918.0,363919.0,363918.0,1.0,0,0.0,
TTF,2026-01-20,988,NoiseAgent,,,,,0,0.0,
TTF,2026-01-20,989,NoiseAgent,,,,,0,0.0,
TTF,2026-01-20,990,NoiseAgent,,,,,0,0.0,
TTF,2026-01-20,991,NoiseAgent,,,,,0,0.0,
TTF,2026-01-20,992,NoiseAgent,364420.0,,,,0,0.0,
TTF,2026-01-20,993,NoiseAgent,,,,,0,0.0,
TTF,2026-01-20,994,NoiseAgent,362570.0,362575.0,362572.0,5.0,0,0.0,
TTF,2026-01-20,995,NoiseAgent,,,,,0,0.0,
TTF,2026-01-20,996,NoiseAgent,,,,,0,0.0,
TTF,2026-01-20,997,NoiseAgent,359269.0,359322.0,359296.0,53.0,0,0.0,
TTF,2026-01-20,998,NoiseAgent,,359095.0,,,0,0.0,
TTF,2026-01-20,999,NoiseAgent,,,,,0,0.0,
TTF,2026-01-20,1000,NoiseAgent,,,,,0,0.0,
TTF,2026-01-20,1001,ValueAgent,359236.0,359302.0,359269.0,66.0,0,0.0,
TTF,2026-01-20,1002,ValueAgent,359333.0,359342.0,359338.0,9.0,0,0.0,
TTF,2026-01-20,1003,ValueAgent,359303.0,359305.0,359304.0,2.0,0,0.0,
TTF,2026-01-20,1004,ValueAgent,359640.0,359702.0,359671.0,62.0,0,0.0,
TTF,2026-01-20,1005,ValueAgent,359304.0,359315.0,359310.0,11.0,0,0.0,
TTF,2026-01-20,1006,ValueAgent,359349.0,359364.0,359356.0,15.0,0,0.0,
TTF,2026-01-20,1007,ValueAgent,359685.0,359702.0,359694.0,17.0,0,0.0,
TTF,2026-01-20,1008,ValueAgent,359037.0,359038.0,359038.0,1.0,0,0.0,
TTF,2026-01-20,1009,ValueAgent,359381.0,359387.0,359384.0,6.0,0,0.0,
TTF,2026-01-20,1010,ValueAgent,359699.0,359700.0,359700.0,1.0,0,0.0,
TTF,2026-01-20,1011,ValueAgent,359699.0,359700.0,359700.0,1.0,0,0.0,
TTF,2026-01-20,1012,ValueAgent,358918.0,358919.0,358918.0,1.0,0,0.0,
TTF,2026-01-20,1013,ValueAgent,359699.0,359700.0,359700.0,1.0,0,0.0,
TTF,2026-01-20,1014,ValueAgent,359348.0,359364.0,359356.0,16.0,0,0.0,
TTF,2026-01-20,1015,ValueAgent,359168.0,359170.0,359169.0,2.0,0,0.0,
TTF,2026-01-20,1016,ValueAgent,359168.0,359170.0,359169.0,2.0,0,0.0,
TTF,2026-01-20,1017,ValueAgent,359381.0,359387.0,359384.0,6.0,0,0.0,
TTF,2026-01-20,1018,ValueAgent,359640.0,359702.0,359671.0,62.0,0,0.0,
TTF,2026-01-20,1019,ValueAgent,359075.0,359076.0,359076.0,1.0,0,0.0,
TTF,2026-01-20,1020,ValueAgent,359114.0,359118.0,359116.0,4.0,0,0.0,
TTF,2026-01-20,1021,ValueAgent,359447.0,359453.0,359450.0,6.0,0,0.0,
TTF,2026-01-20,1022,ValueAgent,359696.0,359698.0,359697.0,2.0,0,0.0,
TTF,2026-01-20,1023,ValueAgent,359315.0,359342.0,359328.0,27.0,0,0.0,
TTF,2026-01-20,1024,ValueAgent,358967.0,358968.0,358968.0,1.0,0,0.0,
TTF,2026-01-20,1025,ValueAgent,359453.0,359541.0,359497.0,88.0,0,0.0,
TTF,2026-01-20,1026,ValueAgent,359340.0,359341.0,359340.0,1.0,0,0.0,
TTF,2026-01-20,1027,ValueAgent,359685.0,359686.0,359686.0,1.0,0,0.0,
TTF,2026-01-20,1028,ValueAgent,359229.0,359236.0,359232.0,7.0,0,0.0,
TTF,2026-01-20,1029,ValueAgent,358947.0,358953.0,358950.0,6.0,0,0.0,
TTF,2026-01-20,1030,ValueAgent,359315.0,359342.0,359328.0,27.0,0,0.0,
TTF,2026-01-20,1031,ValueAgent,359208.0,359236.0,359222.0,28.0,0,0.0,
TTF,2026-01-20,1032,ValueAgent,358965.0,358968.0,358966.0,3.0,0,0.0,
TTF,2026-01-20,1033,ValueAgent,359037.0,359038.0,359038.0,1.0,0,0.0,
TTF,2026-01-20,1034,ValueAgent,359058.0,359076.0,359067.0,18.0,0,0.0,
TTF,2026-01-20,1035,ValueAgent,359640.0,359686.0,359663.0,46.0,0,0.0,
TTF,2026-01-20,1036,ValueAgent,359038.0,359076.0,359057.0,38.0,0,0.0,
TTF,2026-01-20,1037,ValueAgent,359699.0,359700.0,359700.0,1.0,0,0.0,
TTF,2026-01-20,1038,ValueAgent,358947.0,358953.0,358950.0,6.0,0,0.0,
TTF,2026-01-20,1039,ValueAgent,359371.0,359374.0,359372.0,3.0,0,0.0,
TTF,2026-01-20,1040,ValueAgent,359308.0,359315.0,359312.0,7.0,0,0.0,
TTF,2026-01-20,1041,ValueAgent,359699.0,359700.0,359700.0,1.0,0,0.0,
TTF,2026-01-20,1042,ValueAgent,359698.0,359700.0,359699.0,2.0,0,0.0,
TTF,2026-01-20,1043,ValueAgent,358962.0,358966.0,358964.0,4.0,0,0.0,
TTF,2026-01-20,1044,ValueAgent,359072.0,359076.0,359074.0,4.0,0,0.0,
TTF,2026-01-20,1045,ValueAgent,359699.0,359700.0,359700.0,1.0,0,0.0,
TTF,2026-01-20,1046,ValueAgent,358931.0,358932.0,358932.0,1.0,0,0.0,
TTF,2026-01-20,1047,ValueAgent,359023.0,359038.0,359030.0,15.0,0,0.0,
TTF,2026-01-20,1048,ValueAgent,359308.0,359315.0,359312.0,7.0,0,0.0,
TTF,2026-01-20,1049,ValueAgent,359903.0,359971.0,359937.0,68.0,0,0.0,
TTF,2026-01-20,1050,ValueAgent,359629.0,359671.0,359650.0,42.0,0,0.0,
TTF,2026-01-20,1051,ValueAgent,359373.0,359387.0,359380.0,14.0,0,0.0,
TTF,2026-01-20,1052,ValueAgent,359699.0,359700.0,359700.0,1.0,0,0.0,
TTF,2026-01-20,1053,ValueAgent,359130.0,359170.0,359150.0,40.0,0,0.0,
TTF,2026-01-20,1054,ValueAgent,359315.0,359342.0,359328.0,27.0,0,0.0,
TTF,2026-01-20,1055,ValueAgent,359315.0,359342.0,359328.0,27.0,0,0.0,
TTF,2026-01-20,1056,ValueAgent,359103.0,359104.0,359104.0,1.0,0,0.0,
TTF,2026-01-20,1057,ValueAgent,359701.0,359702.0,359702.0,1.0,0,0.0,
TTF,2026-01-20,1058,ValueAgent,358957.0,358958.0,358958.0,1.0,0,0.0,
TTF,2026-01-20,1059,ValueAgent,359338.0,359342.0,359340.0,4.0,0,0.0,
TTF,2026-01-20,1060,ValueAgent,358918.0,358935.0,358926.0,17.0,0,0.0,
TTF,2026-01-20,1061,ValueAgent,359315.0,359342.0,359328.0,27.0,0,0.0,
TTF,2026-01-20,1062,ValueAgent,358918.0,358919.0,358918.0,1.0,0,0.0,
TTF,2026-01-20,1063,ValueAgent,359340.0,359342.0,359341.0,2.0,0,0.0,
TTF,2026-01-20,1064,ValueAgent,359308.0,359315.0,359312.0,7.0,0,0.0,
TTF,2026-01-20,1065,ValueAgent,359027.0,359038.0,359032.0,11.0,0,0.0,
TTF,2026-01-20,1066,ValueAgent,363906.0,364806.0,364356.0,900.0,0,0.0,
TTF,2026-01-20,1067,ValueAgent,359229.0,359236.0,359232.0,7.0,0,0.0,
TTF,2026-01-20,1068,ValueAgent,359699.0,359700.0,359700.0,1.0,0,0.0,
TTF,2026-01-20,1069,ValueAgent,359361.0,359364.0,359362.0,3.0,0,0.0,
TTF,2026-01-20,1070,ValueAgent,359629.0,359671.0,359650.0,42.0,0,0.0,
TTF,2026-01-20,1071,ValueAgent,359487.0,359702.0,359594.0,215.0,0,0.0,
TTF,2026-01-20,1072,ValueAgent,359700.0,359702.0,359701.0,2.0,0,0.0,
TTF,2026-01-20,1073,ValueAgent,358918.0,358919.0,358918.0,1.0,0,0.0,
TTF,2026-01-20,1074,ValueAgent,359640.0,359686.0,359663.0,46.0,0,0.0,
TTF,2026-01-20,1075,ValueAgent,359219.0,359236.0,359228.0,17.0,0,0.0,
TTF,2026-01-20,1076,ValueAgent,358927.0,358935.0,358931.0,8.0,0,0.0,
TTF,2026-01-20,1077,ValueAgent,359364.0,359365.0,359364.0,1.0,0,0.0,
TTF,2026-01-20,1078,ValueAgent,358983.0,358987.0,358985.0,4.0,0,0.0,
TTF,2026-01-20,1079,ValueAgent,359696.0,359702.0,359699.0,6.0,0,0.0,
TTF,2026-01-20,1080,ValueAgent,358918.0,358935.0,358926.0,17.0,0,0.0,
TTF,2026-01-20,1081,ValueAgent,359671.0,359686.0,359678.0,15.0,0,0.0,
TTF,2026-01-20,1082,ValueAgent,359685.0,359702.0,359694.0,17.0,0,0.0,
TTF,2026-01-20,1083,ValueAgent,359168.0,359170.0,359169.0,2.0,0,0.0,
TTF,2026-01-20,1084,ValueAgent,359699.0,359700.0,359700.0,1.0,0,0.0,
TTF,2026-01-20,1085,ValueAgent,359208.0,359236.0,359222.0,28.0,0,0.0,
TTF,2026-01-20,1086,ValueAgent,359453.0,359541.0,359497.0,88.0,0,0.0,
TTF,2026-01-20,1087,ValueAgent,359445.0,359453.0,359449.0,8.0,0,0.0,
TTF,2026-01-20,1088,ValueAgent,358976.0,358987.0,358982.0,11.0,0,0.0,
TTF,2026-01-20,1089,ValueAgent,359671.0,359686.0,359678.0,15.0,0,0.0,
TTF,2026-01-20,1090,ValueAgent,358957.0,358964.0,358960.0,7.0,0,0.0,
TTF,2026-01-20,1091,ValueAgent,360685.0,360687.0,360686.0,2.0,0,0.0,
TTF,2026-01-20,1092,ValueAgent,359014.0,359038.0,359026.0,24.0,0,0.0,
TTF,2026-01-20,1093,ValueAgent,359371.0,359374.0,359372.0,3.0,0,0.0,
TTF,2026-01-20,1094,ValueAgent,359231.0,359236.0,359234.0,5.0,0,0.0,
TTF,2026-01-20,1095,ValueAgent,358934.0,358936.0,358935.0,2.0,0,0.0,
TTF,2026-01-20,1096,ValueAgent,359699.0,359700.0,359700.0,1.0,0,0.0,
TTF,2026-01-20,1097,ValueAgent,359699.0,359700.0,359700.0,1.0,0,0.0,
TTF,2026-01-20,1098,ValueAgent,359103.0,359104.0,359104.0,1.0,0,0.0,
TTF,2026-01-20,1099,ValueAgent,359341.0,359342.0,359342.0,1.0,0,0.0,
TTF,2026-01-20,1100,ValueAgent,359852.0,359853.0,359852.0,1.0,0,0.0,
TTF,2026-01-20,1101,ValueAgent,359341.0,359342.0,359342.0,1.0,0,0.0,
TTF,2026-01-20,1102,ValueAgent,359117.0,359170.0,359144.0,53.0,0,0.0,
TTF,2026-01-20,1105,MomentumAgent,359361.0,359364.0,359362.0,3.0,0,0.0,
TTF,2026-01-20,1106,MomentumAgent,359699.0,359700.0,359700.0,1.0,0,0.0,
TTF,2026-01-20,1107,MomentumAgent,359699.0,359700.0,359700.0,1.0,0,0.0,
TTF,2026-01-20,1108,MomentumAgent,359640.0,359702.0,359671.0,62.0,0,0.0,
TTF,2026-01-20,1109,MomentumAgent,359701.0,359702.0,359702.0,1.0,0,0.0,
TTF,2026-01-20,1110,MomentumAgent,359698.0,359702.0,359700.0,4.0,0,0.0,
TTF,2026-01-20,1111,MomentumAgent,359700.0,359702.0,359701.0,2.0,0,0.0,
TTF,2026-01-20,1112,MomentumAgent,359699.0,359700.0,359700.0,1.0,0,0.0,
TTF,2026-01-20,1113,MomentumAgent,359387.0,359453.0,359420.0,66.0,0,0.0,
TTF,2026-01-20,1114,MomentumAgent,359671.0,359686.0,359678.0,15.0,0,0.0,
TTF,2026-01-20,1115,MomentumAgent,359699.0,359700.0,359700.0,1.0,0,0.0,
TTF,2026-01-20,1116,MomentumAgent,359381.0,359387.0,359384.0,6.0,0,0.0,
